Reporting Account Number,Reporting Account Name,Source Account Number,Source Account Name,Begin Date,As Of Date,Total Market Value,End Date,End NAV,ROR
KSBG25000000,Total Developed Mkt,KSBF10010002,Adage,2020-10-31,2020-12-31,263133759.0,2021-01-31,161342230.60562474,-0.3868432875402174
KSBG25000000,Total Developed Mkt,KSBF10021002,Whitespruce Fund,2020-10-31,2020-12-31,137970545.0,2021-01-31,136547889.3193415,-0.010311299999999924
KSBG25000000,Total Developed Mkt,KSBF10022002,Stockbridge Fund LP,2020-10-31,2020-12-31,73797302.75,2021-01-31,73529632.55319548,-0.003627099999999979
KSBG25000000,Total Developed Mkt,KSBF10023002,Whale Rock,2020-10-31,2020-12-31,208585402.4,2021-01-31,211593829.65881523,0.014423000000000139
KSBG25000000,Total Developed Mkt,KSBF15011102,Misc Equity,2020-10-31,2020-12-31,18809.89,2021-01-31,7657.786630478387,-0.5928850923382121
KSBG25000000,Total Developed Mkt,KSBF19010002,US Equity Beta,2020-10-31,2020-12-31,-4167284.28,2021-01-31,-4164125.5599999996,-0.000757980446680783
KSBG25000000,Total Developed Mkt,KSBF20012002,Morgan Stanley Global,2020-10-31,2020-12-31,55722.27,2021-01-31,13.231349429348484,-0.9997625482696711
KSBG25000000,Total Developed Mkt,KSBF20017002,Cevian Capital II LTD,2020-10-31,2020-12-31,0.0,2021-01-31,0.0,
KSBG25000000,Total Developed Mkt,KSBF20018002,Kamvus,2020-10-31,2020-12-31,154364368.0,2021-01-31,152368282.35739198,-0.012931000000000109
KSBG25000000,Total Developed Mkt,KSBF20019002,Dynamo Fund LLC,2020-10-31,2020-12-31,75502105.54,2021-01-31,74833893.03044462,-0.008850249999999994
KSBG25000000,Total Developed Mkt,KSBF20020002,AKO European,2020-10-31,2020-12-31,145405000.0,2021-01-31,143697218.275,-0.011744999999999959
KSBG25000000,Total Developed Mkt,KSBF30027002,Blacksheep Fund,2020-10-31,2020-12-31,34047564.98,2021-01-31,33636876.441698246,-0.012062199999999855
KSBG25000000,Total Developed Mkt,KSBF35010002,IVA LLC,2020-10-31,2020-12-31,13444.78,2021-01-31,13311.15233158,-0.009939000000000014
KSBG25000000,Total Developed Mkt,KSBF35011002,Cantillon,2020-10-31,2020-12-31,151488799.5,2021-01-31,100538999.4291403,-0.336327175599934
KSBG25000000,Total Developed Mkt,KSBF35013002,Deccan,2020-10-31,2020-12-31,143399337.0,2021-01-31,142283991.2967477,-0.0077778999999999
KSBG25000000,Total Developed Mkt,KSBF70010002,TCI Fund,2020-10-31,2020-12-31,306701618.8,2021-01-31,276844500.5163472,-0.09734907301915023
KSBG25000000,Total Developed Mkt,KSBF70076002,Biotechnology Value Fund,2020-10-31,2020-12-31,343245053.0,2021-01-31,332437799.3831718,-0.03148553350549878
KSBG25000000,Total Developed Mkt,KSBF70093002,Oasis Japan,2020-10-31,2020-12-31,56455587.82,2021-01-31,56587468.07314751,0.0023359999999998703
KSBG25000000,Total Developed Mkt,KSBG25000000,Total Developed Mkt,2020-10-31,2020-12-31,2090017137.0,2021-01-31,2090017137.0,0.0
KSBG25050000,Developed Markets-Mgr Only,KSBF10010002,Adage,2020-10-31,2020-12-31,263133759.0,2021-01-31,260455846.734657,-0.01017700000000004
KSBG25050000,Developed Markets-Mgr Only,KSBF10021002,Whitespruce Fund,2020-10-31,2020-12-31,137970545.0,2021-01-31,136547889.3193415,-0.010311299999999924
KSBG25050000,Developed Markets-Mgr Only,KSBF10022002,Stockbridge Fund LP,2020-10-31,2020-12-31,73797302.75,2021-01-31,73529632.55319548,-0.003627099999999979
KSBG25050000,Developed Markets-Mgr Only,KSBF10023002,Whale Rock,2020-10-31,2020-12-31,208585402.4,2021-01-31,211593829.65881523,0.014423000000000139
KSBG25050000,Developed Markets-Mgr Only,KSBF15011102,Misc Equity,2020-10-31,2020-12-31,18809.89,2021-01-31,18622.93850329,-0.009939000000000019
KSBG25050000,Developed Markets-Mgr Only,KSBF20012002,Morgan Stanley Global,2020-10-31,2020-12-31,55722.27,2021-01-31,55136.79610910999,-0.010507000000000063
KSBG25050000,Developed Markets-Mgr Only,KSBF20017002,Cevian Capital II LTD,2020-10-31,2020-12-31,0.0,2021-01-31,0.0,
KSBG25050000,Developed Markets-Mgr Only,KSBF20018002,Kamvus,2020-10-31,2020-12-31,154364368.0,2021-01-31,152368282.35739198,-0.012931000000000109
KSBG25050000,Developed Markets-Mgr Only,KSBF20019002,Dynamo Fund LLC,2020-10-31,2020-12-31,75502105.54,2021-01-31,74833893.03044462,-0.008850249999999994
KSBG25050000,Developed Markets-Mgr Only,KSBF20020002,AKO European,2020-10-31,2020-12-31,145405000.0,2021-01-31,143697218.275,-0.011744999999999959
KSBG25050000,Developed Markets-Mgr Only,KSBF30027002,Blacksheep Fund,2020-10-31,2020-12-31,34047564.98,2021-01-31,33636876.441698246,-0.012062199999999855
KSBG25050000,Developed Markets-Mgr Only,KSBF35010002,IVA LLC,2020-10-31,2020-12-31,13444.78,2021-01-31,13311.15233158,-0.009939000000000014
KSBG25050000,Developed Markets-Mgr Only,KSBF35011002,Cantillon,2020-10-31,2020-12-31,151488799.5,2021-01-31,150155804.10655966,-0.008799299999999908
KSBG25050000,Developed Markets-Mgr Only,KSBF35013002,Deccan,2020-10-31,2020-12-31,143399337.0,2021-01-31,142283991.2967477,-0.0077778999999999
KSBG25050000,Developed Markets-Mgr Only,KSBF70010002,TCI Fund,2020-10-31,2020-12-31,306701618.8,2021-01-31,303702997.0729924,-0.00977700000000009
KSBG25050000,Developed Markets-Mgr Only,KSBF70076002,Biotechnology Value Fund,2020-10-31,2020-12-31,343245053.0,2021-01-31,363109879.8993008,0.05787360000000004
KSBG25050000,Developed Markets-Mgr Only,KSBF70093002,Oasis Japan,2020-10-31,2020-12-31,56455587.82,2021-01-31,56587468.07314751,0.0023359999999998703
KSBG25050000,Developed Markets-Mgr Only,KSBG25050000,Developed Markets-Mgr Only,2020-10-31,2020-12-31,2094184421.0,2021-01-31,2094184421.0,0.0
KSBG250NOT00,Total Developed Mkt Notional,KSBF10010002,Adage,2020-10-31,2020-12-31,263133759.0,2021-01-31,260455846.734657,-0.01017700000000004
KSBG250NOT00,Total Developed Mkt Notional,KSBF10021002,Whitespruce Fund,2020-10-31,2020-12-31,137970545.0,2021-01-31,136547889.3193415,-0.010311299999999924
KSBG250NOT00,Total Developed Mkt Notional,KSBF10022002,Stockbridge Fund LP,2020-10-31,2020-12-31,73797302.75,2021-01-31,73529632.55319548,-0.003627099999999979
KSBG250NOT00,Total Developed Mkt Notional,KSBF10023002,Whale Rock,2020-10-31,2020-12-31,208585402.4,2021-01-31,211593829.65881523,0.014423000000000139
KSBG250NOT00,Total Developed Mkt Notional,KSBF15011102,Misc Equity,2020-10-31,2020-12-31,18809.89,2021-01-31,18622.93850329,-0.009939000000000019
KSBG250NOT00,Total Developed Mkt Notional,KSBF19010002,US Equity Beta,2020-10-31,2020-12-31,-4167284.28,2021-01-31,-4167284.28,-0.0
KSBG250NOT00,Total Developed Mkt Notional,KSBF1901N002,US Equity Beta Notional,2020-10-31,2020-12-31,-279616875.0,2021-01-31,-279616875.0,-0.0
KSBG250NOT00,Total Developed Mkt Notional,KSBF20012002,Morgan Stanley Global,2020-10-31,2020-12-31,55722.27,2021-01-31,55136.79610910999,-0.010507000000000063
KSBG250NOT00,Total Developed Mkt Notional,KSBF20017002,Cevian Capital II LTD,2020-10-31,2020-12-31,0.0,2021-01-31,0.0,
KSBG250NOT00,Total Developed Mkt Notional,KSBF20018002,Kamvus,2020-10-31,2020-12-31,154364368.0,2021-01-31,152368282.35739198,-0.012931000000000109
KSBG250NOT00,Total Developed Mkt Notional,KSBF20019002,Dynamo Fund LLC,2020-10-31,2020-12-31,75502105.54,2021-01-31,74833893.03044462,-0.008850249999999994
KSBG250NOT00,Total Developed Mkt Notional,KSBF20020002,AKO European,2020-10-31,2020-12-31,145405000.0,2021-01-31,143697218.275,-0.011744999999999959
KSBG250NOT00,Total Developed Mkt Notional,KSBF30027002,Blacksheep Fund,2020-10-31,2020-12-31,34047564.98,2021-01-31,33636876.441698246,-0.012062199999999855
KSBG250NOT00,Total Developed Mkt Notional,KSBF35010002,IVA LLC,2020-10-31,2020-12-31,13444.78,2021-01-31,13311.15233158,-0.009939000000000014
KSBG250NOT00,Total Developed Mkt Notional,KSBF35011002,Cantillon,2020-10-31,2020-12-31,151488799.5,2021-01-31,150155804.10655966,-0.008799299999999908
KSBG250NOT00,Total Developed Mkt Notional,KSBF35013002,Deccan,2020-10-31,2020-12-31,143399337.0,2021-01-31,142283991.2967477,-0.0077778999999999
KSBG250NOT00,Total Developed Mkt Notional,KSBF70010002,TCI Fund,2020-10-31,2020-12-31,306701618.8,2021-01-31,303702997.0729924,-0.00977700000000009
KSBG250NOT00,Total Developed Mkt Notional,KSBF70076002,Biotechnology Value Fund,2020-10-31,2020-12-31,343245053.0,2021-01-31,363109879.8993008,0.05787360000000004
KSBG250NOT00,Total Developed Mkt Notional,KSBF70093002,Oasis Japan,2020-10-31,2020-12-31,56455587.82,2021-01-31,56587468.07314751,0.0023359999999998703
KSBG250NOT00,Total Developed Mkt Notional,KSBG250NOT00,Total Developed Mkt Notional,2020-10-31,2020-12-31,1810400262.0,2021-01-31,1810400262.0,0.0
KSBG33000000,Total Emerging Markets,KSBF30014002,Stewart Investors,2020-10-31,2020-10-31,0.0,2020-11-30,0.0,
KSBG33000000,Total Emerging Markets,KSBF30015002,Westwood Global,2020-10-31,2020-12-31,-294700.0,2021-01-31,-294700.0,-0.0
KSBG33000000,Total Emerging Markets,KSBF30016002,Neon Liberty Lorikeet,2020-10-31,2020-12-31,31887742.99,2021-01-31,31913954.71473778,0.0008220000000000638
KSBG33000000,Total Emerging Markets,KSBF30017002,Hillhouse Gaoling Fund,2020-10-31,2020-12-31,337548574.2,2021-01-31,339553145.99850917,0.0059386172886674886
KSBG33000000,Total Emerging Markets,KSBF30017102,Hillhouse China VAL,2020-10-31,2020-12-31,107294677.3,2021-01-31,106345092.58222568,-0.008850249999999922
KSBG33000000,Total Emerging Markets,KSBF30022002,Acadian Emerging Mkts Sm Cap,2020-10-31,2020-12-31,0.0,2021-01-31,0.0,
KSBG33000000,Total Emerging Markets,KSBF30024002,"Westbridge Crossover Fund, LLC",2020-10-31,2020-12-31,28103407.74,2021-01-31,28390455.946656357,0.01021399999999997
KSBG33000000,Total Emerging Markets,KSBF30024102,Westbridge SPV SH,2020-10-31,2020-12-31,17183383.86,2021-01-31,17513309.19249164,0.019200253871977463
KSBG33000000,Total Emerging Markets,KSBF30024302,Westbridge Crsovr IV,2020-10-31,2020-12-31,10748426.6,2021-01-31,10858211.029292399,0.010213999999999947
KSBG33000000,Total Emerging Markets,KSBF30024402,Westbridge SPV-SH II,2020-10-31,2020-12-31,2970645.79,2021-01-31,3000987.9660990597,0.010213999999999878
KSBG33000000,Total Emerging Markets,KSBF30025002,Amansa Feeder Ltd,2020-10-31,2020-12-31,93293577.73,2021-01-31,92549435.50127332,-0.007976349999999995
KSBG33000000,Total Emerging Markets,KSBF30028002,Golden China Fund,2020-10-31,2020-12-31,109645987.4,2021-01-31,111260919.29001965,0.014728600000000001
KSBG33000000,Total Emerging Markets,KSBG33000000,Total Emerging Markets,2020-10-31,2020-12-31,738381723.6,2021-01-31,738381723.6,0.0
KSBG44000000,Total US Fixed Income,KSBF40011002,Payden US Treasury,2020-10-31,2020-12-31,243419412.0,2021-01-31,368419412.0,0.5135169745624067
KSBG44000000,Total US Fixed Income,KSBG44000000,Total US Fixed Income,2020-10-31,2020-12-31,243419412.0,2021-01-31,243419412.0,0.0
KSBG44500000,Total Non-US Fixed Income,KSBF45010002,Brandywine,2020-10-31,2020-12-31,58776.03,2021-01-31,58776.03,0.0
KSBG44500000,Total Non-US Fixed Income,KSBF45011002,Colchester Global,2020-10-31,2020-12-31,23891.57,2021-01-31,23891.57,0.0
KSBG44500000,Total Non-US Fixed Income,KSBF47510102,Payden Rygel Sweep Income,2020-10-31,2020-12-31,-98689.82,2021-01-31,-98689.82,-0.0
KSBG44500000,Total Non-US Fixed Income,KSBG44500000,Total Non-US Fixed Income,2020-10-31,2020-12-31,-16022.22,2021-01-31,-16022.22,-0.0
KSBG44750000,Total Cash Equivalents,KSBF47500002,Endowment Cash,2020-10-31,2020-12-31,204459409.1,2021-01-31,328737591.45000005,0.6078379219477068
KSBG44750000,Total Cash Equivalents,KSBG44750000,Total Cash Equivalents,2020-10-31,2020-12-31,204459409.1,2021-01-31,204459409.1,0.0
KSBG447NOT00,Total Cash Equiv Notional,KSBF47500002,Endowment Cash,2020-10-31,2020-12-31,204459409.1,2021-01-31,204459409.1,0.0
KSBG447NOT00,Total Cash Equiv Notional,KSBF47519002,US Equity Beta Syn Cash Offset,2020-10-31,2020-12-31,279616875.0,2021-01-31,279616875.0,0.0
KSBG447NOT00,Total Cash Equiv Notional,KSBG447NOT00,Total Cash Equiv Notional,2020-10-31,2020-12-31,484076284.1,2021-01-31,484076284.1,0.0
KSBG55000000,Total Vent Cap and Priv Equity,KSBF15011002,PE Stock Distributions,2020-10-31,2020-12-31,11716849.08,2021-01-31,-1818488.0500000007,-1.1552028226687716
KSBG55000000,Total Vent Cap and Priv Equity,KSBF50100002,Advantage Partners IV,2020-10-31,2020-12-31,8472.87,2021-01-31,8472.87,0.0
KSBG55000000,Total Vent Cap and Priv Equity,KSBF50102002,Bain Capital IX,2020-10-31,2020-12-31,775869.0,2021-01-31,775869.0,0.0
KSBG55000000,Total Vent Cap and Priv Equity,KSBF50102102,Bain Capital X,2020-10-31,2020-12-31,3121544.0,2021-01-31,3121544.0,0.0
KSBG55000000,Total Vent Cap and Priv Equity,KSBF50102202,Bain Capital XI,2020-10-31,2020-12-31,16532144.0,2021-01-31,15801682.0,-0.04418434777727559
KSBG55000000,Total Vent Cap and Priv Equity,KSBF50102302,Bain Capital XII,2020-10-31,2020-12-31,13460753.0,2021-01-31,13460753.0,0.0
KSBG55000000,Total Vent Cap and Priv Equity,KSBF50104002,Blackstone V,2020-10-31,2020-12-31,896793.32,2021-01-31,748092.57,-0.16581384660626153
KSBG55000000,Total Vent Cap and Priv Equity,KSBF50105102,Bridgepoint Eur IV,2020-10-31,2020-12-31,3465293.04,2021-01-31,3465293.04,0.0
KSBG55000000,Total Vent Cap and Priv Equity,KSBF50105202,"Bridgepoint Europe V, LP",2020-10-31,2020-12-31,9129328.26,2021-01-31,9129328.26,0.0
KSBG55000000,Total Vent Cap and Priv Equity,KSBF50107002,Charterhouse VIII,2020-10-31,2020-12-31,1.22,2021-01-31,1.22,0.0
KSBG55000000,Total Vent Cap and Priv Equity,KSBF50108002,CHS Private Equity V,2020-10-31,2020-12-31,0.0,2021-01-31,0.0,
KSBG55000000,Total Vent Cap and Priv Equity,KSBF50110102,Corsair III,2020-10-31,2020-12-31,4653781.0,2021-01-31,4686342.0,0.006996676465867217
KSBG55000000,Total Vent Cap and Priv Equity,KSBF50110202,Corsair IV,2020-10-31,2020-12-31,7873408.0,2021-01-31,7870939.0,-0.00031358720391474695
KSBG55000000,Total Vent Cap and Priv Equity,KSBF50111002,Crimson Asia Capital,2020-10-31,2020-12-31,1.0,2021-01-31,1.0,0.0
KSBG55000000,Total Vent Cap and Priv Equity,KSBF50111102,Crimson Velocity,2020-10-31,2020-12-31,250733.69,2021-01-31,250733.69,0.0
KSBG55000000,Total Vent Cap and Priv Equity,KSBF50113102,CVC European IV,2020-10-31,2020-12-31,24990.6,2021-01-31,24990.6,0.0
KSBG55000000,Total Vent Cap and Priv Equity,KSBF50113202,CVC European V,2020-10-31,2020-12-31,374163.34,2021-01-31,374189.80000000005,7.071777796301731e-05
KSBG55000000,Total Vent Cap and Priv Equity,KSBF50113302,CVC VI,2020-10-31,2020-12-31,24554994.27,2021-01-31,24397897.27,-0.00639776162326101
KSBG55000000,Total Vent Cap and Priv Equity,KSBF50113402,CVC Capital Partners VII LP,2020-10-31,2020-12-31,19073105.8,2021-01-31,19073105.8,0.0
KSBG55000000,Total Vent Cap and Priv Equity,KSBF50114002,Doughty Hanson III,2020-10-31,2020-12-31,1.0,2021-01-31,1.0,0.0
KSBG55000000,Total Vent Cap and Priv Equity,KSBF50115002,Francisco Partners II,2020-10-31,2020-12-31,1041473.0,2021-01-31,1041473.0,0.0
KSBG55000000,Total Vent Cap and Priv Equity,KSBF50115102,Francisco Partners III,2020-10-31,2020-12-31,7748385.0,2021-01-31,7748385.0,0.0
KSBG55000000,Total Vent Cap and Priv Equity,KSBF50115202,Francisco Partners IV,2020-10-31,2020-12-31,32587071.0,2021-01-31,32587071.0,0.0
KSBG55000000,Total Vent Cap and Priv Equity,KSBF50115302,Francisco Partners Agility,2020-10-31,2020-12-31,22073685.06,2021-01-31,22073685.0,-2.7181686472288328e-09
KSBG55000000,Total Vent Cap and Priv Equity,KSBF50115402,Francisco Partners V,2020-10-31,2020-12-31,13768039.0,2021-01-31,15455539.0,0.12256647442675024
KSBG55000000,Total Vent Cap and Priv Equity,KSBF50115602,Francisco Partners Agility II,2020-10-31,2020-12-31,797018.0,2021-01-31,797018.0,0.0
KSBG55000000,Total Vent Cap and Priv Equity,KSBF50118102,Industrial Growth Partners IV,2020-10-31,2020-12-31,1692281.91,2021-01-31,1705579.42,0.007857739258112149
KSBG55000000,Total Vent Cap and Priv Equity,KSBF50118202,Industrial Growth Partners V,2020-10-31,2020-12-31,10145186.0,2021-01-31,10021537.26,-0.0121879224294163
KSBG55000000,Total Vent Cap and Priv Equity,KSBF50120002,Ironbridge II,2020-10-31,2020-12-31,0.77,2021-01-31,0.77,0.0
KSBG55000000,Total Vent Cap and Priv Equity,KSBF50122002,Lone Star VI,2020-10-31,2020-12-31,5953464.56,2021-01-31,5953464.56,0.0
KSBG55000000,Total Vent Cap and Priv Equity,KSBF50122102,Lone Star VII,2020-10-31,2020-12-31,127568.23,2021-01-31,127568.23,0.0
KSBG55000000,Total Vent Cap and Priv Equity,KSBF50123002,Longreach Capital 1,2020-10-31,2020-12-31,2829853.76,2021-01-31,2829853.76,0.0
KSBG55000000,Total Vent Cap and Priv Equity,KSBF50123102,Longreach Capital 2,2020-10-31,2020-12-31,7265008.0,2021-01-31,7265008.0,0.0
KSBG55000000,Total Vent Cap and Priv Equity,KSBF50123202,Longreach Capital 3,2020-10-31,2020-12-31,9154148.0,2021-01-31,9154148.0,0.0
KSBG55000000,Total Vent Cap and Priv Equity,KSBF50124002,Madison Dearborn V,2020-10-31,2020-12-31,448105.0,2021-01-31,448105.0,0.0
KSBG55000000,Total Vent Cap and Priv Equity,KSBF50124102,Madison Dearborn VI,2020-10-31,2020-12-31,10485158.0,2021-01-31,10485158.0,0.0
KSBG55000000,Total Vent Cap and Priv Equity,KSBF50125102,Matlin Patterson II,2020-10-31,2020-12-31,191206.0,2021-01-31,191206.0,0.0
KSBG55000000,Total Vent Cap and Priv Equity,KSBF50127002,MHR Inst III,2020-10-31,2020-12-31,5370321.0,2021-01-31,5370321.0,0.0
KSBG55000000,Total Vent Cap and Priv Equity,KSBF50127102,MHR Institutional Partners IV,2020-10-31,2020-12-31,16113936.0,2021-01-31,16113936.0,0.0
KSBG55000000,Total Vent Cap and Priv Equity,KSBF50128002,NH Priv EQ Asia,2020-10-31,2020-12-31,97457.0,2021-01-31,97457.0,0.0
KSBG55000000,Total Vent Cap and Priv Equity,KSBF50128102,NH Priv EQ Asia III,2020-10-31,2020-12-31,14005971.0,2021-01-31,12823026.0,-0.08446004921758013
KSBG55000000,Total Vent Cap and Priv Equity,KSBF50128202,NH Priv EQ Asia IV,2020-10-31,2020-12-31,20735457.0,2021-01-31,20735457.0,0.0
KSBG55000000,Total Vent Cap and Priv Equity,KSBF50129002,OCM Oppor V,2020-10-31,2020-12-31,1825.0,2021-01-31,1825.0,0.0
KSBG55000000,Total Vent Cap and Priv Equity,KSBF50129102,OCM Oppor VI,2020-10-31,2020-12-31,60.0,2021-01-31,60.0,0.0
KSBG55000000,Total Vent Cap and Priv Equity,KSBF50129202,OCM Oppor VII,2020-10-31,2020-12-31,36266.0,2021-01-31,36266.0,0.0
KSBG55000000,Total Vent Cap and Priv Equity,KSBF50129302,OCM Oppor VII-B,2020-10-31,2020-12-31,28716.0,2021-01-31,28716.0,0.0
KSBG55000000,Total Vent Cap and Priv Equity,KSBF50129402,OCM Oppor VIII,2020-10-31,2020-12-31,57209.0,2021-01-31,57209.0,0.0
KSBG55000000,Total Vent Cap and Priv Equity,KSBF50129502,OCM Oppor VIII-B,2020-10-31,2020-12-31,1936757.0,2021-01-31,1936757.0,0.0
KSBG55000000,Total Vent Cap and Priv Equity,KSBF50129602,Oaktree Opportunities Fund IX,2020-10-31,2020-12-31,9522861.0,2021-01-31,9522861.0,0.0
KSBG55000000,Total Vent Cap and Priv Equity,KSBF50129802,Oaktree Opportunities Xb,2020-10-31,2020-12-31,17518840.0,2021-01-31,19018840.0,0.08562210739980501
KSBG55000000,Total Vent Cap and Priv Equity,KSBF50130102,OCM Principal Opps IV,2020-10-31,2020-12-31,109349.0,2021-01-31,109349.0,0.0
KSBG55000000,Total Vent Cap and Priv Equity,KSBF50132002,Paul Cap VIII- A,2020-10-31,2020-12-31,970147.0,2021-01-31,970147.0,0.0
KSBG55000000,Total Vent Cap and Priv Equity,KSBF50132102,Paul Cap IX,2020-10-31,2020-12-31,4042638.0,2021-01-31,4042638.0,0.0
KSBG55000000,Total Vent Cap and Priv Equity,KSBF50134002,Quadrangle Cap II,2020-10-31,2020-12-31,744963.0,2021-01-31,744963.0,0.0
KSBG55000000,Total Vent Cap and Priv Equity,KSBF50135002,Saif Partners III,2020-10-31,2020-12-31,28626803.0,2021-01-31,28488909.0,-0.004816954236908676
KSBG55000000,Total Vent Cap and Priv Equity,KSBF50135102,Saif Partners IV,2020-10-31,2020-12-31,14571171.0,2021-01-31,14571171.0,0.0
KSBG55000000,Total Vent Cap and Priv Equity,KSBF50136002,Sankaty Credit Opps III,2020-10-31,2020-12-31,1.0,2021-01-31,1.0,0.0
KSBG55000000,Total Vent Cap and Priv Equity,KSBF50136102,Sankaty Credit Opps IV,2020-10-31,2020-12-31,430201.0,2021-01-31,430201.0,0.0
KSBG55000000,Total Vent Cap and Priv Equity,KSBF50137002,SB Asia Invest II,2020-10-31,2020-12-31,5131159.0,2021-01-31,4673577.0,-0.08917712353096055
KSBG55000000,Total Vent Cap and Priv Equity,KSBF50138002,Shamrock Cap Growth II,2020-10-31,2020-12-31,49072.0,2021-01-31,49072.0,0.0
KSBG55000000,Total Vent Cap and Priv Equity,KSBF50138102,Shamrock Cap Growth III,2020-10-31,2020-12-31,6688088.0,2021-01-31,6688088.0,0.0
KSBG55000000,Total Vent Cap and Priv Equity,KSBF50138202,Shamrock Capital Growth IV,2020-10-31,2020-12-31,16087650.0,2021-01-31,16087650.0,0.0
KSBG55000000,Total Vent Cap and Priv Equity,KSBF50139002,Silver Lake II,2020-10-31,2020-12-31,11316.0,2021-01-31,11316.0,0.0
KSBG55000000,Total Vent Cap and Priv Equity,KSBF50139102,Silver Lake III,2020-10-31,2020-12-31,3505917.0,2021-01-31,3427192.0,-0.022454895538028995
KSBG55000000,Total Vent Cap and Priv Equity,KSBF50139202,Silver Lake IV,2020-10-31,2020-12-31,25544315.0,2021-01-31,25544315.0,0.0
KSBG55000000,Total Vent Cap and Priv Equity,KSBF50139302,Silver Lake V,2020-10-31,2020-12-31,33520068.0,2021-01-31,33884474.0,0.01087127866208386
KSBG55000000,Total Vent Cap and Priv Equity,KSBF50140002,Sino Finance Group,2020-10-31,2020-12-31,54444423.0,2021-01-31,54444423.0,0.0
KSBG55000000,Total Vent Cap and Priv Equity,KSBF50141002,Summit Partners VII-B,2020-10-31,2020-12-31,1200903.0,2021-01-31,977376.0,-0.18613243534240484
KSBG55000000,Total Vent Cap and Priv Equity,KSBF50142002,TA Subord Debt II LP,2020-10-31,2020-12-31,10195.0,2021-01-31,10195.0,0.0
KSBG55000000,Total Vent Cap and Priv Equity,KSBF50142102,TA-X LP,2020-10-31,2020-12-31,35.0,2021-01-31,35.0,0.0
KSBG55000000,Total Vent Cap and Priv Equity,KSBF50142202,TA XI LP,2020-10-31,2020-12-31,8845435.0,2021-01-31,8845435.0,0.0
KSBG55000000,Total Vent Cap and Priv Equity,KSBF50142302,TA XII,2020-10-31,2020-12-31,7464423.0,2021-01-31,7464423.0,0.0
KSBG55000000,Total Vent Cap and Priv Equity,KSBF50142402,TA XIII LP,2020-10-31,2020-12-31,9688742.0,2021-01-31,9688742.0,0.0
KSBG55000000,Total Vent Cap and Priv Equity,KSBF50143002,Terra Firma Cap III,2020-10-31,2020-12-31,61860.35,2021-01-31,61860.35,0.0
KSBG55000000,Total Vent Cap and Priv Equity,KSBF50146002,Varde IX,2020-10-31,2020-12-31,30869.58,2021-01-31,30869.58,0.0
KSBG55000000,Total Vent Cap and Priv Equity,KSBF50146102,Varde Fund X,2020-10-31,2020-12-31,2040778.3,2021-01-31,2040778.3,0.0
KSBG55000000,Total Vent Cap and Priv Equity,KSBF50147002,Vestar Capital V,2020-10-31,2020-12-31,611730.44,2021-01-31,611730.44,0.0
KSBG55000000,Total Vent Cap and Priv Equity,KSBF50149002,Sequoia India Growth II,2020-10-31,2020-12-31,3894451.0,2021-01-31,3894451.0,0.0
KSBG55000000,Total Vent Cap and Priv Equity,KSBF50149102,Sequoia China Venture 2010,2020-10-31,2020-12-31,10153275.0,2021-01-31,10153275.0,0.0
KSBG55000000,Total Vent Cap and Priv Equity,KSBF50149202,Sequoia China Growth 2010,2020-10-31,2020-12-31,11643828.0,2021-01-31,11643828.0,0.0
KSBG55000000,Total Vent Cap and Priv Equity,KSBF50149302,Sequoia China Venture IV,2020-10-31,2020-12-31,7895296.0,2021-01-31,7895296.0,0.0
KSBG55000000,Total Vent Cap and Priv Equity,KSBF50149402,Sequoia Israel Venture V,2020-10-31,2020-12-31,4860872.0,2021-01-31,4860872.0,0.0
KSBG55000000,Total Vent Cap and Priv Equity,KSBF50149502,Sequoia China Growth III,2020-10-31,2020-12-31,28565330.18,2021-01-31,28565330.18,0.0
KSBG55000000,Total Vent Cap and Priv Equity,KSBF50149602,Sequoia India IV,2020-10-31,2020-12-31,8607909.0,2021-01-31,8607909.0,0.0
KSBG55000000,Total Vent Cap and Priv Equity,KSBF50149702,Sequoia China Venture V,2020-10-31,2020-12-31,9431282.9,2021-01-31,9431282.9,0.0
KSBG55000000,Total Vent Cap and Priv Equity,KSBF50149802,Sequoia Capital India V,2020-10-31,2020-12-31,13965403.0,2021-01-31,13965403.0,0.0
KSBG55000000,Total Vent Cap and Priv Equity,KSBF50150002,Ceyuan Ventures III,2020-10-31,2020-12-31,13008016.62,2021-01-31,13008016.62,0.0
KSBG55000000,Total Vent Cap and Priv Equity,KSBF50151002,Sequoia US Growth V,2020-10-31,2020-12-31,3430270.84,2021-01-31,3430270.84,0.0
KSBG55000000,Total Vent Cap and Priv Equity,KSBF50151102,Sequoia US Growth VI,2020-10-31,2020-12-31,11100644.0,2021-01-31,11100644.0,0.0
KSBG55000000,Total Vent Cap and Priv Equity,KSBF50151202,Sequoia US Growth VII,2020-10-31,2020-12-31,14425116.68,2021-01-31,14425116.68,0.0
KSBG55000000,Total Vent Cap and Priv Equity,KSBF50151302,Sequoia US GR VIII,2020-10-31,2020-12-31,8100244.0,2021-01-31,8100244.0,0.0
KSBG55000000,Total Vent Cap and Priv Equity,KSBF50151402,Sequoia US GR IX,2020-10-31,2020-12-31,1365000.0,2021-01-31,1365000.0,0.0
KSBG55000000,Total Vent Cap and Priv Equity,KSBF50152002,FTV IV LP,2020-10-31,2020-12-31,33988204.09,2021-01-31,33988204.09,0.0
KSBG55000000,Total Vent Cap and Priv Equity,KSBF50152102,"FTV V, L.P.",2020-10-31,2020-12-31,47115270.0,2021-01-31,47115270.0,0.0
KSBG55000000,Total Vent Cap and Priv Equity,KSBF50152202,FTV VI LP,2020-10-31,2020-12-31,12490480.0,2021-01-31,12490480.0,0.0
KSBG55000000,Total Vent Cap and Priv Equity,KSBF50153002,TCV VIII,2020-10-31,2020-12-31,35505386.0,2021-01-31,35505386.0,0.0
KSBG55000000,Total Vent Cap and Priv Equity,KSBF50153102,TCV IX,2020-10-31,2020-12-31,24575139.0,2021-01-31,23683666.0,-0.036275400110656546
KSBG55000000,Total Vent Cap and Priv Equity,KSBF50153202,TCV X,2020-10-31,2020-12-31,16016197.0,2021-01-31,16016197.0,0.0
KSBG55000000,Total Vent Cap and Priv Equity,KSBF50154002,Telegraph Hill III,2020-10-31,2020-12-31,19351532.5,2021-01-31,19351532.5,0.0
KSBG55000000,Total Vent Cap and Priv Equity,KSBF50155002,Marlin IV,2020-10-31,2020-12-31,5755275.0,2021-01-31,5755275.0,0.0
KSBG55000000,Total Vent Cap and Priv Equity,KSBF50155102,Marlin Heritage L.P.,2020-10-31,2020-12-31,4203756.0,2021-01-31,4203756.0,0.0
KSBG55000000,Total Vent Cap and Priv Equity,KSBF50155202,Marlin Equity V,2020-10-31,2020-12-31,8945702.0,2021-01-31,8945702.0,0.0
KSBG55000000,Total Vent Cap and Priv Equity,KSBF50155302,Marlin Heritage II,2020-10-31,2020-12-31,4656494.0,2021-01-31,4656494.0,0.0
KSBG55000000,Total Vent Cap and Priv Equity,KSBF50156002,Sentinel Capital V,2020-10-31,2020-12-31,9017550.0,2021-01-31,9017550.0,0.0
KSBG55000000,Total Vent Cap and Priv Equity,KSBF50156102,Sentinel Capital VI,2020-10-31,2020-12-31,6720782.0,2021-01-31,6720782.0,0.0
KSBG55000000,Total Vent Cap and Priv Equity,KSBF50157002,ZMC II LP,2020-10-31,2020-12-31,37690952.69,2021-01-31,37778339.809999995,0.0023185171443857533
KSBG55000000,Total Vent Cap and Priv Equity,KSBF50157102,ZMC III,2020-10-31,2020-12-31,5785775.61,2021-01-31,5955095.91,0.029264926850490112
KSBG55000000,Total Vent Cap and Priv Equity,KSBF50158002,Kuramo Africa Opp Fund,2020-10-31,2020-12-31,11877460.0,2021-01-31,11877460.0,0.0
KSBG55000000,Total Vent Cap and Priv Equity,KSBF50158102,Kuramo Africa Opp Fund II,2020-10-31,2020-12-31,15451072.0,2021-01-31,16571840.0,0.07253658516379964
KSBG55000000,Total Vent Cap and Priv Equity,KSBF50159002,Pamlico Capital III LP,2020-10-31,2020-12-31,8176426.4,2021-01-31,8176426.4,0.0
KSBG55000000,Total Vent Cap and Priv Equity,KSBF50159102,Pamlico Capital IV,2020-10-31,2020-12-31,18029335.61,2021-01-31,18029335.61,0.0
KSBG55000000,Total Vent Cap and Priv Equity,KSBF50160002,Deerfield PD Fund III,2020-10-31,2020-12-31,26467341.0,2021-01-31,26467341.0,0.0
KSBG55000000,Total Vent Cap and Priv Equity,KSBF50160102,Deerfield PD IV,2020-10-31,2020-12-31,28803975.0,2021-01-31,28803975.0,0.0
KSBG55000000,Total Vent Cap and Priv Equity,KSBF50161002,Hillhouse Fund II,2020-10-31,2020-12-31,30742860.87,2021-01-31,30742860.87,0.0
KSBG55000000,Total Vent Cap and Priv Equity,KSBF50161102,Hillhouse Fund III,2020-10-31,2020-12-31,42468766.96,2021-01-31,42468766.96,0.0
KSBG55000000,Total Vent Cap and Priv Equity,KSBF50161202,Hillhouse Fund IV,2020-10-31,2020-12-31,40812876.08,2021-01-31,40946511.15,0.0032743360144002944
KSBG55000000,Total Vent Cap and Priv Equity,KSBF50161302,Hillhouse V Feeder,2020-10-31,2020-12-31,294676.03,2021-01-31,239949.09000000003,-0.1857190080916999
KSBG55000000,Total Vent Cap and Priv Equity,KSBF50161402,Hillhouse Focused V,2020-10-31,2020-12-31,643605.76,2021-01-31,671734.15,0.04370437890425346
KSBG55000000,Total Vent Cap and Priv Equity,KSBF50162002,DCM Ventures China Turbo Fund,2020-10-31,2020-12-31,24973840.0,2021-01-31,24973840.0,0.0
KSBG55000000,Total Vent Cap and Priv Equity,KSBF50162102,DCM Ventures China Fund VIII,2020-10-31,2020-12-31,12987898.0,2021-01-31,12987898.0,0.0
KSBG55000000,Total Vent Cap and Priv Equity,KSBF50162202,DCM Vent China IX,2020-10-31,2020-12-31,6221813.0,2021-01-31,6221813.0,0.0
KSBG55000000,Total Vent Cap and Priv Equity,KSBF50163002,Valar Global Fund II,2020-10-31,2020-12-31,22377611.0,2021-01-31,22377611.0,0.0
KSBG55000000,Total Vent Cap and Priv Equity,KSBF50163102,Valar Global Fund III,2020-10-31,2020-12-31,22500000.0,2021-01-31,22500000.0,0.0
KSBG55000000,Total Vent Cap and Priv Equity,KSBF50163202,Valar Global Fund IV,2020-10-31,2020-12-31,28215417.0,2021-01-31,28215417.0,0.0
KSBG55000000,Total Vent Cap and Priv Equity,KSBF50163302,Valar Fund V,2020-10-31,2020-12-31,23833662.0,2021-01-31,24133662.0,0.012587239006746005
KSBG55000000,Total Vent Cap and Priv Equity,KSBF50163402,Valar Fund VI,2020-10-31,2020-12-31,2070730.0,2021-01-31,3070730.0,0.48292148179627475
KSBG55000000,Total Vent Cap and Priv Equity,KSBF50164002,Shoreline China Value III,2020-10-31,2020-12-31,7407436.0,2021-01-31,7227437.0,-0.024299771202883156
KSBG55000000,Total Vent Cap and Priv Equity,KSBF50164102,Shoreline Fund III Co-Inv,2020-10-31,2020-12-31,3392048.0,2021-01-31,3392048.0,0.0
KSBG55000000,Total Vent Cap and Priv Equity,KSBF50165002,Revolution Growth III,2020-10-31,2020-12-31,41182098.0,2021-01-31,41329818.0,0.0035869954949842527
KSBG55000000,Total Vent Cap and Priv Equity,KSBF50166002,IDG China Capital Fund III,2020-10-31,2020-12-31,17564704.0,2021-01-31,17564704.0,0.0
KSBG55000000,Total Vent Cap and Priv Equity,KSBF50166102,IDG China Venture V,2020-10-31,2020-12-31,14797241.0,2021-01-31,14797241.0,0.0
KSBG55000000,Total Vent Cap and Priv Equity,KSBF50168002,Kandeo Fund II,2020-10-31,2020-12-31,12875602.96,2021-01-31,12875602.96,0.0
KSBG55000000,Total Vent Cap and Priv Equity,KSBF50169002,Trustbridge V,2020-10-31,2020-12-31,33682158.36,2021-01-31,33682158.36,0.0
KSBG55000000,Total Vent Cap and Priv Equity,KSBF50169102,Trustbridge VI,2020-10-31,2020-12-31,41577263.13,2021-01-31,41577263.13,0.0
KSBG55000000,Total Vent Cap and Priv Equity,KSBF50170002,Thompson Street Capital IV,2020-10-31,2020-12-31,22828675.0,2021-01-31,22828675.0,0.0
KSBG55000000,Total Vent Cap and Priv Equity,KSBF50171002,Sequoia Cap China Venture VI,2020-10-31,2020-12-31,8528078.1,2021-01-31,8528078.1,0.0
KSBG55000000,Total Vent Cap and Priv Equity,KSBF50171102,Sequoia Cap China Growth IV,2020-10-31,2020-12-31,40337070.0,2021-01-31,40337070.0,0.0
KSBG55000000,Total Vent Cap and Priv Equity,KSBF50171202,Sequoia China Seed I,2020-10-31,2020-12-31,1740510.0,2021-01-31,1740510.0,0.0
KSBG55000000,Total Vent Cap and Priv Equity,KSBF50171302,Sequoia China VC VII,2020-10-31,2020-12-31,7468515.0,2021-01-31,7468515.0,0.0
KSBG55000000,Total Vent Cap and Priv Equity,KSBF50171402,Sequoia China GR V,2020-10-31,2020-12-31,20142424.0,2021-01-31,20142424.0,0.0
KSBG55000000,Total Vent Cap and Priv Equity,KSBF50171502,Seq China Gr VI,2020-10-31,2020-12-31,3921222.0,2021-01-31,3921222.0,0.0
KSBG55000000,Total Vent Cap and Priv Equity,KSBF50171602,Seq China VC VIII,2020-10-31,2020-12-31,1475462.0,2021-01-31,1475462.0,0.0
KSBG55000000,Total Vent Cap and Priv Equity,KSBF50171702,Seq China Seed II,2020-10-31,2020-12-31,292013.0,2021-01-31,292013.0,0.0
KSBG55000000,Total Vent Cap and Priv Equity,KSBF50172002,Sequoia India VC VI,2020-10-31,2020-12-31,6934262.0,2021-01-31,6934262.0,0.0
KSBG55000000,Total Vent Cap and Priv Equity,KSBF50172102,Sequoia India Seed I,2020-10-31,2020-12-31,987922.0,2021-01-31,987922.0,0.0
KSBG55000000,Total Vent Cap and Priv Equity,KSBF50172202,Seq India Gr III,2020-10-31,2020-12-31,413254.0,2021-01-31,413254.0,0.0
KSBG55000000,Total Vent Cap and Priv Equity,KSBF50172302,Seq India VC VII,2020-10-31,2020-12-31,426796.0,2021-01-31,426796.0,0.0
KSBG55000000,Total Vent Cap and Priv Equity,KSBF50174002,Sequoia Cap Gbl Growth Fund II,2020-10-31,2020-12-31,69751822.88,2021-01-31,69751822.88,0.0
KSBG55000000,Total Vent Cap and Priv Equity,KSBF50174102,Sequoia GLB GRTH III,2020-10-31,2020-12-31,21939325.0,2021-01-31,22329398.0,0.017779626310289856
KSBG55000000,Total Vent Cap and Priv Equity,KSBF50174202,Seq Gbl III US India,2020-10-31,2020-12-31,633394.0,2021-01-31,633394.0,0.0
KSBG55000000,Total Vent Cap and Priv Equity,KSBF50174302,SEQ GBL III China,2020-10-31,2020-12-31,876716.0,2021-01-31,876716.0,0.0
KSBG55000000,Total Vent Cap and Priv Equity,KSBF50175002,Shamrock Cap Cont I,2020-10-31,2020-12-31,10367643.82,2021-01-31,10114193.07,-0.02444632111213867
KSBG55000000,Total Vent Cap and Priv Equity,KSBF50176002,GGV VI,2020-10-31,2020-12-31,7082991.64,2021-01-31,7082991.64,0.0
KSBG55000000,Total Vent Cap and Priv Equity,KSBF50176102,GGV VI Plus,2020-10-31,2020-12-31,1956732.82,2021-01-31,1956732.82,0.0
KSBG55000000,Total Vent Cap and Priv Equity,KSBF50176202,GGV Discovery I,2020-10-31,2020-12-31,1283344.14,2021-01-31,1318344.14,0.027272497617046042
KSBG55000000,Total Vent Cap and Priv Equity,KSBF50176302,GGV VII,2020-10-31,2020-12-31,8649357.14,2021-01-31,8649357.14,0.0
KSBG55000000,Total Vent Cap and Priv Equity,KSBF50176402,GGV VII Plus,2020-10-31,2020-12-31,2158120.55,2021-01-31,2188120.55,0.01390098435418726
KSBG55000000,Total Vent Cap and Priv Equity,KSBF50176502,GGV Discovery II,2020-10-31,2020-12-31,6183342.33,2021-01-31,7033342.33,0.1374661072662946
KSBG55000000,Total Vent Cap and Priv Equity,KSBF50177002,Accel XIII,2020-10-31,2020-12-31,2477414.0,2021-01-31,2477414.0,0.0
KSBG55000000,Total Vent Cap and Priv Equity,KSBF50177102,Accel Growth Fund IV,2020-10-31,2020-12-31,7661429.52,2021-01-31,7661429.52,0.0
KSBG55000000,Total Vent Cap and Priv Equity,KSBF50177202,Accel Leaders Fund,2020-10-31,2020-12-31,4423291.04,2021-01-31,4423291.04,0.0
KSBG55000000,Total Vent Cap and Priv Equity,KSBF50177302,Accel India V,2020-10-31,2020-12-31,7287381.0,2021-01-31,7287381.0,0.0
KSBG55000000,Total Vent Cap and Priv Equity,KSBF50177402,Accel Growth V,2020-10-31,2020-12-31,5371523.0,2021-01-31,5371523.0,0.0
KSBG55000000,Total Vent Cap and Priv Equity,KSBF50177502,Accel Leaders II,2020-10-31,2020-12-31,2976136.0,2021-01-31,2976136.0,0.0
KSBG55000000,Total Vent Cap and Priv Equity,KSBF50177602,Accel India VI,2020-10-31,2020-12-31,1762586.0,2021-01-31,1762586.0,0.0
KSBG55000000,Total Vent Cap and Priv Equity,KSBF50178002,83North IV LP,2020-10-31,2020-12-31,5050194.0,2021-01-31,5050194.0,0.0
KSBG55000000,Total Vent Cap and Priv Equity,KSBF50178102,83NORTH V,2020-10-31,2020-12-31,2546464.0,2021-01-31,2546464.0,0.0
KSBG55000000,Total Vent Cap and Priv Equity,KSBF50178202,83North FXV LP,2020-10-31,2020-12-31,2930853.0,2021-01-31,2930853.0,0.0
KSBG55000000,Total Vent Cap and Priv Equity,KSBF50178302,83North FXV III,2020-10-31,2020-12-31,2000281.0,2021-01-31,2000281.0,0.0
KSBG55000000,Total Vent Cap and Priv Equity,KSBF50179002,Northern Light V,2020-10-31,2020-12-31,19832660.0,2021-01-31,21327660.0,0.07538071040394985
KSBG55000000,Total Vent Cap and Priv Equity,KSBF50180002,Alphax Partners I,2020-10-31,2020-12-31,6096248.3,2021-01-31,6096248.3,0.0
KSBG55000000,Total Vent Cap and Priv Equity,KSBF50181002,Saama Capital IV,2020-10-31,2020-12-31,4234291.0,2021-01-31,4234291.0,0.0
KSBG55000000,Total Vent Cap and Priv Equity,KSBF50500002,Champion Ventures III,2020-10-31,2020-12-31,1596390.0,2021-01-31,1596390.0,0.0
KSBG55000000,Total Vent Cap and Priv Equity,KSBF50501002,Charles River XIII,2020-10-31,2020-12-31,869465.0,2021-01-31,869465.0,0.0
KSBG55000000,Total Vent Cap and Priv Equity,KSBF50501102,Charles River XIV,2020-10-31,2020-12-31,2557722.0,2021-01-31,2557722.0,0.0
KSBG55000000,Total Vent Cap and Priv Equity,KSBF50501202,Charles River XV,2020-10-31,2020-12-31,17966277.0,2021-01-31,17966277.0,0.0
KSBG55000000,Total Vent Cap and Priv Equity,KSBF50501302,Charles River XVI,2020-10-31,2020-12-31,27931021.0,2021-01-31,27931021.0,0.0
KSBG55000000,Total Vent Cap and Priv Equity,KSBF50501402,CRV XVII,2020-10-31,2020-12-31,10091520.0,2021-01-31,10841520.0,0.07431982496194825
KSBG55000000,Total Vent Cap and Priv Equity,KSBF50502002,Founders Fund II,2020-10-31,2020-12-31,76114121.0,2021-01-31,76114121.0,0.0
KSBG55000000,Total Vent Cap and Priv Equity,KSBF50502102,Founders Fund III,2020-10-31,2020-12-31,22245311.0,2021-01-31,22245311.0,0.0
KSBG55000000,Total Vent Cap and Priv Equity,KSBF50502202,Founders Fund IV,2020-10-31,2020-12-31,32058095.04,2021-01-31,32058095.04,0.0
KSBG55000000,Total Vent Cap and Priv Equity,KSBF50502302,Founders Fund V,2020-10-31,2020-12-31,44043183.0,2021-01-31,44043183.0,0.0
KSBG55000000,Total Vent Cap and Priv Equity,KSBF50502402,The Founders Fund VI,2020-10-31,2020-12-31,22879376.0,2021-01-31,22879376.0,0.0
KSBG55000000,Total Vent Cap and Priv Equity,KSBF50502502,Lembas II,2020-10-31,2020-12-31,18497368.0,2021-01-31,18497368.0,0.0
KSBG55000000,Total Vent Cap and Priv Equity,KSBF50502602,Founders Fund VII,2020-10-31,2020-12-31,5056263.0,2021-01-31,5056263.0,0.0
KSBG55000000,Total Vent Cap and Priv Equity,KSBF50503002,FTV III LP,2020-10-31,2020-12-31,2497113.9,2021-01-31,2497113.9,0.0
KSBG55000000,Total Vent Cap and Priv Equity,KSBF50504002,Highland Capital IV,2020-10-31,2020-12-31,0.01,2021-01-31,0.01,0.0
KSBG55000000,Total Vent Cap and Priv Equity,KSBF50504102,Highland Capital V,2020-10-31,2020-12-31,0.01,2021-01-31,0.01,0.0
KSBG55000000,Total Vent Cap and Priv Equity,KSBF50504202,Highland Capital VI,2020-10-31,2020-12-31,70868.0,2021-01-31,70868.0,0.0
KSBG55000000,Total Vent Cap and Priv Equity,KSBF50504302,Highland Capital VII,2020-10-31,2020-12-31,2943540.05,2021-01-31,2943540.05,0.0
KSBG55000000,Total Vent Cap and Priv Equity,KSBF50504402,Highland Capital VIII,2020-10-31,2020-12-31,5708139.0,2021-01-31,5708139.0,0.0
KSBG55000000,Total Vent Cap and Priv Equity,KSBF50504502,Highland Capital 9,2020-10-31,2020-12-31,19729430.09,2021-01-31,19729430.09,0.0
KSBG55000000,Total Vent Cap and Priv Equity,KSBF50505002,Knightsbridge VI,2020-10-31,2020-12-31,2924172.0,2021-01-31,2352172.0,-0.19561092849531422
KSBG55000000,Total Vent Cap and Priv Equity,KSBF50506002,New Leaf Vent II,2020-10-31,2020-12-31,1604324.0,2021-01-31,1604324.0,0.0
KSBG55000000,Total Vent Cap and Priv Equity,KSBF50507002,Polaris V,2020-10-31,2020-12-31,2588898.22,2021-01-31,2588898.22,0.0
KSBG55000000,Total Vent Cap and Priv Equity,KSBF50507102,Polaris VI,2020-10-31,2020-12-31,6920549.0,2021-01-31,6920549.0,0.0
KSBG55000000,Total Vent Cap and Priv Equity,KSBF50507202,Polaris VII,2020-10-31,2020-12-31,26013361.0,2021-01-31,26013361.0,0.0
KSBG55000000,Total Vent Cap and Priv Equity,KSBF50507302,Polaris VIII,2020-10-31,2020-12-31,18077291.0,2021-01-31,18077291.0,0.0
KSBG55000000,Total Vent Cap and Priv Equity,KSBF50507402,Polaris IX,2020-10-31,2020-12-31,2729856.0,2021-01-31,2729856.0,0.0
KSBG55000000,Total Vent Cap and Priv Equity,KSBF50508002,Sanderling VI,2020-10-31,2020-12-31,4336480.0,2021-01-31,4336480.0,0.0
KSBG55000000,Total Vent Cap and Priv Equity,KSBF50508102,Sanderling VI Co-Investment,2020-10-31,2020-12-31,1979421.0,2021-01-31,1979421.0,0.0
KSBG55000000,Total Vent Cap and Priv Equity,KSBF50508202,Sanderling VII,2020-10-31,2020-12-31,8041685.0,2021-01-31,8041685.0,0.0
KSBG55000000,Total Vent Cap and Priv Equity,KSBF50509002,SVB Strategic II,2020-10-31,2020-12-31,4780789.0,2021-01-31,4780789.0,0.0
KSBG55000000,Total Vent Cap and Priv Equity,KSBF50509102,SVB Strategic III,2020-10-31,2020-12-31,14494002.0,2021-01-31,13838347.0,-0.045236298435725346
KSBG55000000,Total Vent Cap and Priv Equity,KSBF50509202,Capital Partners III,2020-10-31,2020-12-31,24747121.0,2021-01-31,24747121.0,0.0
KSBG55000000,Total Vent Cap and Priv Equity,KSBF50510002,TCV VI,2020-10-31,2020-12-31,166020.0,2021-01-31,166020.0,0.0
KSBG55000000,Total Vent Cap and Priv Equity,KSBF50510102,TCV VII,2020-10-31,2020-12-31,6005436.45,2021-01-31,6005436.45,0.0
KSBG55000000,Total Vent Cap and Priv Equity,KSBF50511002,Tech Part VIII- VC,2020-10-31,2020-12-31,210768.5,2021-01-31,210768.5,0.0
KSBG55000000,Total Vent Cap and Priv Equity,KSBF50512002,Zero2IPO China II,2020-10-31,2020-12-31,1298674.0,2021-01-31,1298674.0,0.0
KSBG55000000,Total Vent Cap and Priv Equity,KSBF50512102,Zero2IPO China Angel III,2020-10-31,2020-12-31,4013485.0,2021-01-31,4013485.0,0.0
KSBG55000000,Total Vent Cap and Priv Equity,KSBF50513002,InterWest Partners X,2020-10-31,2020-12-31,10911587.64,2021-01-31,10911587.64,0.0
KSBG55000000,Total Vent Cap and Priv Equity,KSBF50514102,Sequoia US Venture 2010,2020-10-31,2020-12-31,22916101.0,2021-01-31,22916101.0,0.0
KSBG55000000,Total Vent Cap and Priv Equity,KSBF50514202,Sequoia US Venture XIV,2020-10-31,2020-12-31,19865404.0,2021-01-31,19865404.0,0.0
KSBG55000000,Total Vent Cap and Priv Equity,KSBF50514302,Sequoia Venture 2010 Seed,2020-10-31,2020-12-31,1803812.0,2021-01-31,1803812.0,0.0
KSBG55000000,Total Vent Cap and Priv Equity,KSBF50514402,Sequoia US Scout 2013,2020-10-31,2020-12-31,150957.0,2021-01-31,150957.0,0.0
KSBG55000000,Total Vent Cap and Priv Equity,KSBF50514502,Sequoia US Venture XV,2020-10-31,2020-12-31,7287577.0,2021-01-31,7317577.0,0.004116594582808525
KSBG55000000,Total Vent Cap and Priv Equity,KSBF50514602,Sequoia Sct Seed III,2020-10-31,2020-12-31,1685610.0,2021-01-31,1685610.0,0.0
KSBG55000000,Total Vent Cap and Priv Equity,KSBF50514702,Sequoia US VC XVI,2020-10-31,2020-12-31,4015792.0,2021-01-31,4015792.0,0.0
KSBG55000000,Total Vent Cap and Priv Equity,KSBF50514802,Sequoia US VC XVII,2020-10-31,2020-12-31,630000.0,2021-01-31,630000.0,0.0
KSBG55000000,Total Vent Cap and Priv Equity,KSBF50515002,5AM IV,2020-10-31,2020-12-31,20353430.83,2021-01-31,20353430.83,0.0
KSBG55000000,Total Vent Cap and Priv Equity,KSBF50515102,"5AM Ventures V, L.P.",2020-10-31,2020-12-31,10043553.0,2021-01-31,10043553.0,0.0
KSBG55000000,Total Vent Cap and Priv Equity,KSBF50516002,Versant V,2020-10-31,2020-12-31,30070249.72,2021-01-31,30070249.72,0.0
KSBG55000000,Total Vent Cap and Priv Equity,KSBF50516102,Versant VI,2020-10-31,2020-12-31,38943084.3,2021-01-31,38943084.3,0.0
KSBG55000000,Total Vent Cap and Priv Equity,KSBF50516202,Versant VII,2020-10-31,2020-12-31,10811057.64,2021-01-31,10811057.64,0.0
KSBG55000000,Total Vent Cap and Priv Equity,KSBF50516302,Versant Vantage I,2020-10-31,2020-12-31,12679567.68,2021-01-31,13272544.27,0.04676630978005079
KSBG55000000,Total Vent Cap and Priv Equity,KSBF50517002,Pear Ventures I,2020-10-31,2020-12-31,17248132.0,2021-01-31,17248132.0,0.0
KSBG55000000,Total Vent Cap and Priv Equity,KSBF50517102,Pear Ventures II,2020-10-31,2020-12-31,6908426.0,2021-01-31,6908426.0,0.0
KSBG55000000,Total Vent Cap and Priv Equity,KSBF50517202,Pear III,2020-10-31,2020-12-31,1033769.0,2021-01-31,1233769.0,0.19346681898954216
KSBG55000000,Total Vent Cap and Priv Equity,KSBF50518002,Thrive Capital Partners IV,2020-10-31,2020-12-31,2373089.0,2021-01-31,2373089.0,0.0
KSBG55000000,Total Vent Cap and Priv Equity,KSBF50518102,Thrive Capital Partners IV Sup,2020-10-31,2020-12-31,1069710.0,2021-01-31,1069710.0,0.0
KSBG55000000,Total Vent Cap and Priv Equity,KSBF50518202,Thrive Capital Partners V L.P.,2020-10-31,2020-12-31,15243647.0,2021-01-31,16059363.0,0.053511866287641006
KSBG55000000,Total Vent Cap and Priv Equity,KSBF50518302,Thrive VI,2020-10-31,2020-12-31,2287726.89,2021-01-31,2722520.89,0.19005502881508726
KSBG55000000,Total Vent Cap and Priv Equity,KSBF50518402,Thrive VI Growth,2020-10-31,2020-12-31,5719316.72,2021-01-31,5719316.72,0.0
KSBG55000000,Total Vent Cap and Priv Equity,KSBF50519002,Legacy Venture VII,2020-10-31,2020-12-31,19313403.0,2021-01-31,19313403.0,0.0
KSBG55000000,Total Vent Cap and Priv Equity,KSBF50520002,Formation 8 Partners Fund II,2020-10-31,2020-12-31,9868841.0,2021-01-31,9868841.0,0.0
KSBG55000000,Total Vent Cap and Priv Equity,KSBF50521002,Maveron Equity Partners V,2020-10-31,2020-12-31,24403867.0,2021-01-31,24403867.0,0.0
KSBG55000000,Total Vent Cap and Priv Equity,KSBF50521102,"Maveron Equity Partners VI, LP",2020-10-31,2020-12-31,10831622.0,2021-01-31,10831622.0,0.0
KSBG55000000,Total Vent Cap and Priv Equity,KSBF50521202,Maveron VII,2020-10-31,2020-12-31,2656858.0,2021-01-31,2656858.0,0.0
KSBG55000000,Total Vent Cap and Priv Equity,KSBF50522002,"A-Fund II, L.P.",2020-10-31,2020-12-31,7843459.0,2021-01-31,7843459.0,0.0
KSBG55000000,Total Vent Cap and Priv Equity,KSBF50522102,A Fund III,2020-10-31,2020-12-31,1037228.0,2021-01-31,1037228.0,0.0
KSBG55000000,Total Vent Cap and Priv Equity,KSBF50523002,CrossCut Ventures 3 LP,2020-10-31,2020-12-31,4684527.0,2021-01-31,4684527.0,0.0
KSBG55000000,Total Vent Cap and Priv Equity,KSBF50523102,CrossCut Ventures 4 LP,2020-10-31,2020-12-31,6366507.0,2021-01-31,6966507.0,0.09424320117766304
KSBG55000000,Total Vent Cap and Priv Equity,KSBF50524002,TI Platform Fund I,2020-10-31,2020-12-31,5923090.0,2021-01-31,5976882.83,0.009081886312718543
KSBG55000000,Total Vent Cap and Priv Equity,KSBF50524102,TI Platform Fund II,2020-10-31,2020-12-31,1817074.0,2021-01-31,2132574.0,0.17363079324232256
KSBG55000000,Total Vent Cap and Priv Equity,KSBF50525002,"Felicis Ventures V, L.P.",2020-10-31,2020-12-31,8729907.0,2021-01-31,8829907.0,0.011454875750680963
KSBG55000000,Total Vent Cap and Priv Equity,KSBF50526002,Andreessen Horowitz Fund VQ LP,2020-10-31,2020-12-31,3748960.32,2021-01-31,3748960.32,0.0
KSBG55000000,Total Vent Cap and Priv Equity,KSBF50526102,AH Parallel Fund VQ LP,2020-10-31,2020-12-31,2294429.0,2021-01-31,2311095.67,0.007263972866451708
KSBG55000000,Total Vent Cap and Priv Equity,KSBF50526202,AH LSV Fund I,2020-10-31,2020-12-31,9180152.0,2021-01-31,9480152.0,0.03267919746862579
KSBG55000000,Total Vent Cap and Priv Equity,KSBF50526302,Andreessen H Fund VI,2020-10-31,2020-12-31,3368499.0,2021-01-31,3608499.0,0.07124835126862142
KSBG55000000,Total Vent Cap and Priv Equity,KSBF50527002,"Initialized III, L.P.",2020-10-31,2020-12-31,22652217.0,2021-01-31,22652217.0,0.0
KSBG55000000,Total Vent Cap and Priv Equity,KSBF50527102,Initialized Annex,2020-10-31,2020-12-31,19699143.0,2021-01-31,19699143.0,0.0
KSBG55000000,Total Vent Cap and Priv Equity,KSBF50528002,YC II LP,2020-10-31,2020-12-31,99281479.0,2021-01-31,99281479.0,0.0
KSBG55000000,Total Vent Cap and Priv Equity,KSBF50528202,YCC20 LP Continuity,2020-10-31,2020-12-31,626178.0,2021-01-31,626178.0,0.0
KSBG55000000,Total Vent Cap and Priv Equity,KSBF50528302,Y Combinator ES20,2020-10-31,2020-12-31,1916178.0,2021-01-31,1916178.0,0.0
KSBG55000000,Total Vent Cap and Priv Equity,KSBF50529002,General Catalyst IX,2020-10-31,2020-12-31,10606406.0,2021-01-31,10606406.0,0.0
KSBG55000000,Total Vent Cap and Priv Equity,KSBF50529102,GC X-Early Venture,2020-10-31,2020-12-31,2624245.19,2021-01-31,2624245.19,0.0
KSBG55000000,Total Vent Cap and Priv Equity,KSBF50529202,GC X-Growth Venture,2020-10-31,2020-12-31,5310412.38,2021-01-31,5310412.38,0.0
KSBG55000000,Total Vent Cap and Priv Equity,KSBF50529302,GC X Endurance,2020-10-31,2020-12-31,2250363.57,2021-01-31,2250363.57,0.0
KSBG55000000,Total Vent Cap and Priv Equity,KSBF50530002,Accel XIV,2020-10-31,2020-12-31,2185192.0,2021-01-31,2185192.0,0.0
KSBG55000000,Total Vent Cap and Priv Equity,KSBF55010002,Startup Capital Vent,2020-10-31,2020-12-31,999899.71,2021-01-31,999899.71,0.0
KSBG55000000,Total Vent Cap and Priv Equity,KSBF55010102,Startup Capital II,2020-10-31,2020-12-31,2583081.84,2021-01-31,2583081.84,0.0
KSBG55000000,Total Vent Cap and Priv Equity,KSBF55011002,Tech Partners VIII-HTI,2020-10-31,2020-12-31,210768.5,2021-01-31,210768.5,0.0
KSBG55000000,Total Vent Cap and Priv Equity,KSBF55012002,Arsenal Venture Partners II,2020-10-31,2020-12-31,2808117.0,2021-01-31,2808117.0,0.0
KSBG55000000,Total Vent Cap and Priv Equity,KSBG55000000,Total Vent Cap and Priv Equity,2020-10-31,2020-12-31,2818462146.0,2021-01-31,2818462146.0,0.0
KSBG66000000,Total Mktble Real Assets,KSBF60014002,Touradji PE Offshore,2020-10-31,2020-12-31,236547.0,2021-01-31,236547.0,0.0
KSBG66000000,Total Mktble Real Assets,KSBF60023002,Chickasaw MLP,2020-10-31,2020-12-31,2517.78,2021-01-31,2517.78,0.0
KSBG66000000,Total Mktble Real Assets,KSBG66000000,Total Mktble Real Assets,2020-10-31,2020-12-31,239064.78,2021-01-31,239064.78,0.0
KSBG66050000,Total Energy & Other Illiquid,KSBF60500202,Arclight Energy IV,2020-10-31,2020-12-31,0.01,2021-01-31,0.01,0.0
KSBG66050000,Total Energy & Other Illiquid,KSBF60502102,Denham Commodity V,2020-10-31,2020-12-31,869612.0,2021-01-31,869612.0,0.0
KSBG66050000,Total Energy & Other Illiquid,KSBF60502202,Denham Commodity VI,2020-10-31,2020-12-31,10069423.87,2021-01-31,10069423.87,0.0
KSBG66050000,Total Energy & Other Illiquid,KSBF60503002,Encap Energy VI,2020-10-31,2020-12-31,69450.63,2021-01-31,69450.63,0.0
KSBG66050000,Total Energy & Other Illiquid,KSBF60503102,Encap Energy VII,2020-10-31,2020-12-31,214170.15,2021-01-31,214170.15,0.0
KSBG66050000,Total Energy & Other Illiquid,KSBF60503202,Encap Energy VIII,2020-10-31,2020-12-31,2910646.61,2021-01-31,2910646.61,0.0
KSBG66050000,Total Energy & Other Illiquid,KSBF60503302,Encap Energy IX,2020-10-31,2020-12-31,4647935.85,2021-01-31,4535875.14,-0.02410977982839414
KSBG66050000,Total Energy & Other Illiquid,KSBF60503402,Encap Energy X,2020-10-31,2020-12-31,15936013.37,2021-01-31,15771018.78,-0.010353567493273248
KSBG66050000,Total Energy & Other Illiquid,KSBF60503502,Encap Energy XI,2020-10-31,2020-12-31,5054200.13,2021-01-31,5054200.13,0.0
KSBG66050000,Total Energy & Other Illiquid,KSBF60504102,Energy Spectrum VI,2020-10-31,2020-12-31,3315717.0,2021-01-31,3315717.0,0.0
KSBG66050000,Total Energy & Other Illiquid,KSBF60504202,Energy Spectrum VII,2020-10-31,2020-12-31,12253129.3,2021-01-31,12253129.3,0.0
KSBG66050000,Total Energy & Other Illiquid,KSBF60504302,Energy Spectrum VIII,2020-10-31,2020-12-31,3917798.37,2021-01-31,4692699.17,0.1977898622689967
KSBG66050000,Total Energy & Other Illiquid,KSBF60505002,Enervest Energy XI,2020-10-31,2020-12-31,29873.65,2021-01-31,29873.65,0.0
KSBG66050000,Total Energy & Other Illiquid,KSBF60505102,Enervest Energy XII,2020-10-31,2020-12-31,90741.0,2021-01-31,90741.0,0.0
KSBG66050000,Total Energy & Other Illiquid,KSBF60505202,Enervest Energy XIII,2020-10-31,2020-12-31,1.0,2021-01-31,1.0,0.0
KSBG66050000,Total Energy & Other Illiquid,KSBF60505302,Enervest Energy Inst. XIV-C,2020-10-31,2020-12-31,7514146.0,2021-01-31,7539778.0,0.003411166085939773
KSBG66050000,Total Energy & Other Illiquid,KSBF60506002,First Reserve X,2020-10-31,2020-12-31,0.01,2021-01-31,0.01,0.0
KSBG66050000,Total Energy & Other Illiquid,KSBF60506102,First Reserve XI,2020-10-31,2020-12-31,5314.0,2021-01-31,5314.0,0.0
KSBG66050000,Total Energy & Other Illiquid,KSBF60506202,First Reserve XII,2020-10-31,2020-12-31,1400278.0,2021-01-31,1400278.0,0.0
KSBG66050000,Total Energy & Other Illiquid,KSBF60506302,First Reserve XIII,2020-10-31,2020-12-31,9142720.0,2021-01-31,9172329.0,0.0032385329529942947
KSBG66050000,Total Energy & Other Illiquid,KSBF60507002,Greenfield Acquisition V,2020-10-31,2020-12-31,77431.0,2021-01-31,77431.0,0.0
KSBG66050000,Total Energy & Other Illiquid,KSBF60507102,Greenfield Acquisition VI,2020-10-31,2020-12-31,115919.0,2021-01-31,115919.0,0.0
KSBG66050000,Total Energy & Other Illiquid,KSBF60507202,Greenfield Acquisition VII,2020-10-31,2020-12-31,8794696.0,2021-01-31,8794696.0,0.0
KSBG66050000,Total Energy & Other Illiquid,KSBF60508002,Haddington Energy Partners III,2020-10-31,2020-12-31,8995194.0,2021-01-31,8995194.0,0.0
KSBG66050000,Total Energy & Other Illiquid,KSBF60508102,Haddington Energy Partners IV,2020-10-31,2020-12-31,10070786.0,2021-01-31,10168521.0,0.009704803577397038
KSBG66050000,Total Energy & Other Illiquid,KSBF60509002,Kayne Anderson En IV,2020-10-31,2020-12-31,214804.0,2021-01-31,214804.0,0.0
KSBG66050000,Total Energy & Other Illiquid,KSBF60509102,Kayne Anderson En V,2020-10-31,2020-12-31,816975.0,2021-01-31,816975.0,0.0
KSBG66050000,Total Energy & Other Illiquid,KSBF60509202,Kayne Anderson Energy Fund VII,2020-10-31,2020-12-31,4363821.0,2021-01-31,4363821.0,0.0
KSBG66050000,Total Energy & Other Illiquid,KSBF60510102,Lime Rock IV Acquisition,2020-10-31,2020-12-31,8898239.0,2021-01-31,8898239.0,0.0
KSBG66050000,Total Energy & Other Illiquid,KSBF60510202,Lime Rock Partners V,2020-10-31,2020-12-31,1620066.0,2021-01-31,1620066.0,0.0
KSBG66050000,Total Energy & Other Illiquid,KSBF60510302,Lime Rock Resources II-C,2020-10-31,2020-12-31,0.01,2021-01-31,0.01,0.0
KSBG66050000,Total Energy & Other Illiquid,KSBF60510402,Lime Rock Partners VI,2020-10-31,2020-12-31,1814610.0,2021-01-31,1814610.0,0.0
KSBG66050000,Total Energy & Other Illiquid,KSBF60510502,Lime Rock Partners VII,2020-10-31,2020-12-31,11742379.0,2021-01-31,11742379.0,0.0
KSBG66050000,Total Energy & Other Illiquid,KSBF60510602,Lime Rock VIII,2020-10-31,2020-12-31,9931264.0,2021-01-31,9931264.0,0.0
KSBG66050000,Total Energy & Other Illiquid,KSBF60511002,Merit Energy E-1,2020-10-31,2020-12-31,73843.0,2021-01-31,73843.0,0.0
KSBG66050000,Total Energy & Other Illiquid,KSBF60511102,Merit Energy F-1,2020-10-31,2020-12-31,0.01,2021-01-31,0.01,0.0
KSBG66050000,Total Energy & Other Illiquid,KSBF60511202,Merit Energy G,2020-10-31,2020-12-31,7025422.0,2021-01-31,7025422.0,0.0
KSBG66050000,Total Energy & Other Illiquid,KSBF60511302,Merit Energy Partners I,2020-10-31,2020-12-31,14424678.0,2021-01-31,14424678.0,0.0
KSBG66050000,Total Energy & Other Illiquid,KSBF60511402,Merit Energy Partners J,2020-10-31,2020-12-31,13104655.0,2021-01-31,13339750.0,0.017939808411591148
KSBG66050000,Total Energy & Other Illiquid,KSBF60512102,Natural Gas Partners IX,2020-10-31,2020-12-31,176101.0,2021-01-31,176101.0,0.0
KSBG66050000,Total Energy & Other Illiquid,KSBF60512202,Natural Gas Partners X,2020-10-31,2020-12-31,1493392.0,2021-01-31,1493392.0,0.0
KSBG66050000,Total Energy & Other Illiquid,KSBF60512302,Natural Gas Partners XI,2020-10-31,2020-12-31,12759736.0,2021-01-31,12759736.0,0.0
KSBG66050000,Total Energy & Other Illiquid,KSBF60513002,NGP Midstream & Res,2020-10-31,2020-12-31,472863.0,2021-01-31,472863.0,0.0
KSBG66050000,Total Energy & Other Illiquid,KSBF60513102,Energy Minerals Group Fund II,2020-10-31,2020-12-31,17898488.0,2021-01-31,17898488.0,0.0
KSBG66050000,Total Energy & Other Illiquid,KSBF60513202,EMG Fund III,2020-10-31,2020-12-31,11883737.0,2021-01-31,11883737.0,0.0
KSBG66050000,Total Energy & Other Illiquid,KSBF60513302,The Energy & Minerals Group IV,2020-10-31,2020-12-31,23071541.0,2021-01-31,23071541.0,0.0
KSBG66050000,Total Energy & Other Illiquid,KSBF60514102,Quantum Energy IV,2020-10-31,2020-12-31,683506.0,2021-01-31,683506.0,0.0
KSBG66050000,Total Energy & Other Illiquid,KSBF60514202,Quantum Energy V,2020-10-31,2020-12-31,2829936.58,2021-01-31,2829936.58,0.0
KSBG66050000,Total Energy & Other Illiquid,KSBF60514402,Quantum Energy VI,2020-10-31,2020-12-31,16027489.49,2021-01-31,16027489.49,0.0
KSBG66050000,Total Energy & Other Illiquid,KSBF60514502,Quantum Parallel Prtns. VI-C,2020-10-31,2020-12-31,5353895.34,2021-01-31,5353895.34,0.0
KSBG66050000,Total Energy & Other Illiquid,KSBF60514602,Quantum Energy VII,2020-10-31,2020-12-31,9521842.94,2021-01-31,9370424.12,-0.01590225977829459
KSBG66050000,Total Energy & Other Illiquid,KSBF60515002,Resource Capital IV,2020-10-31,2020-12-31,1072147.0,2021-01-31,1072147.0,0.0
KSBG66050000,Total Energy & Other Illiquid,KSBF60515102,Resource Capital V,2020-10-31,2020-12-31,486104.0,2021-01-31,486104.0,0.0
KSBG66050000,Total Energy & Other Illiquid,KSBF60515202,Resource Capital VI,2020-10-31,2020-12-31,10265329.0,2021-01-31,10265329.0,0.0
KSBG66050000,Total Energy & Other Illiquid,KSBF60515302,RCF V Annex Fund L.P.,2020-10-31,2020-12-31,631569.0,2021-01-31,631569.0,0.0
KSBG66050000,Total Energy & Other Illiquid,KSBF60515402,Resource Capital VII,2020-10-31,2020-12-31,7123385.0,2021-01-31,7123385.0,0.0
KSBG66050000,Total Energy & Other Illiquid,KSBF60517002,Sentient Global III,2020-10-31,2020-12-31,2039975.0,2021-01-31,2039975.0,0.0
KSBG66050000,Total Energy & Other Illiquid,KSBF60517102,Sentient Global IV,2020-10-31,2020-12-31,3199046.0,2021-01-31,3199046.0,0.0
KSBG66050000,Total Energy & Other Illiquid,KSBF60518002,JOG LP NO V,2020-10-31,2020-12-31,1090487.68,2021-01-31,1090487.68,0.0
KSBG66050000,Total Energy & Other Illiquid,KSBF60518102,JOG Limited Partnership No. VI,2020-10-31,2020-12-31,2693306.32,2021-01-31,2693306.32,0.0
KSBG66050000,Total Energy & Other Illiquid,KSBF60520002,Orion Mine Finance Fund I,2020-10-31,2020-12-31,3808459.51,2021-01-31,3808459.51,0.0
KSBG66050000,Total Energy & Other Illiquid,KSBF60520102,Orion Mine Fund I-A,2020-10-31,2020-12-31,10652406.21,2021-01-31,10652406.21,0.0
KSBG66050000,Total Energy & Other Illiquid,KSBF60520202,Orion Mine Finance Fund II LP,2020-10-31,2020-12-31,22224206.49,2021-01-31,22509920.779999997,0.012855995111841635
KSBG66050000,Total Energy & Other Illiquid,KSBF60520302,Orion Mine III,2020-10-31,2020-12-31,13622210.08,2021-01-31,13697210.08,0.005505714532336738
KSBG66050000,Total Energy & Other Illiquid,KSBF60521002,LBA Realty Fund V,2020-10-31,2020-12-31,15008680.44,2021-01-31,6793474.249999999,-0.5473636555086785
KSBG66050000,Total Energy & Other Illiquid,KSBF60522002,Alterna CCA Fund II,2020-10-31,2020-12-31,11309951.87,2021-01-31,11309951.87,0.0
KSBG66050000,Total Energy & Other Illiquid,KSBF60523002,Campus-Clarion SHP,2020-10-31,2020-12-31,10142069.75,2021-01-31,10142069.75,0.0
KSBG66050000,Total Energy & Other Illiquid,KSBF60524002,Agriculture Capital Management,2020-10-31,2020-12-31,25582085.0,2021-01-31,25582085.0,0.0
KSBG66050000,Total Energy & Other Illiquid,KSBF60524102,"ACM Fund II, LLC",2020-10-31,2020-12-31,13865551.32,2021-01-31,13865551.32,0.0
KSBG66050000,Total Energy & Other Illiquid,KSBF60525002,Wastewater Opportunities Fund,2020-10-31,2020-12-31,15503158.0,2021-01-31,15503158.0,0.0
KSBG66050000,Total Energy & Other Illiquid,KSBF60525102,WOF II,2020-10-31,2020-12-31,515277.53,2021-01-31,515277.53,0.0
KSBG66050000,Total Energy & Other Illiquid,KSBF60526002,DRA Growth and Income Fund IX,2020-10-31,2020-12-31,12820923.0,2021-01-31,12820923.0,0.0
KSBG66050000,Total Energy & Other Illiquid,KSBF60526102,DRA X,2020-10-31,2020-12-31,3352639.0,2021-01-31,3352639.0,0.0
KSBG66050000,Total Energy & Other Illiquid,KSBF60527002,Pep Priv Energy Opp,2020-10-31,2020-12-31,8711824.0,2021-01-31,8711824.0,0.0
KSBG66050000,Total Energy & Other Illiquid,KSBF60528002,Energy Trust V,2020-10-31,2020-12-31,13422981.47,2021-01-31,13522981.47,0.007449909710707512
KSBG66050000,Total Energy & Other Illiquid,KSBF60529002,VGO II,2020-10-31,2020-12-31,15327225.7,2021-01-31,15327225.7,0.0
KSBG66050000,Total Energy & Other Illiquid,KSBF60530002,Blacksand Capital II,2020-10-31,2020-12-31,979397.65,2021-01-31,979397.65,0.0
KSBG66050000,Total Energy & Other Illiquid,KSBF60531002,Bayswater Fund IV,2020-10-31,2020-12-31,7358038.0,2021-01-31,7358038.0,0.0
KSBG66050000,Total Energy & Other Illiquid,KSBG66050000,Total Energy & Other Illiquid,2020-10-31,2020-12-31,514506915.3,2021-01-31,514506915.3,0.0
KSBG660NOT00,Total Mktble Real Assets Not,KSBF60014002,Touradji PE Offshore,2020-10-31,2020-12-31,236547.0,2021-01-31,236547.0,0.0
KSBG660NOT00,Total Mktble Real Assets Not,KSBF60023002,Chickasaw MLP,2020-10-31,2020-12-31,2517.78,2021-01-31,2517.78,0.0
KSBG660NOT00,Total Mktble Real Assets Not,KSBG660NOT00,Total Mktble Real Assets Not,2020-10-31,2020-12-31,239064.78,2021-01-31,239064.78,0.0
KSBG70000000,Total Absolute Return,KSBF60012102,Bridgewater Pure Alpha II,2020-10-31,2020-12-31,127192546.9,2021-01-31,127201831.9559237,7.300000000000261e-05
KSBG70000000,Total Absolute Return,KSBF70011002,Baupost,2020-10-31,2020-12-31,122510251.5,2021-01-31,122304776.08108169,-0.0016772099999999722
KSBG70000000,Total Absolute Return,KSBF70013002,Bain Capital Public Equity,2020-10-31,2020-12-31,86985.0,2021-01-31,88239.58465500001,0.014423000000000153
KSBG70000000,Total Absolute Return,KSBF70016002,Farallon,2020-10-31,2020-12-31,135487447.9,2021-01-31,135083464.9765966,-0.0029816999999998676
KSBG70000000,Total Absolute Return,KSBF70020002,Highfields,2020-10-31,2020-12-31,1386889.0,2021-01-31,1378420.3783882,-0.006106200000000032
KSBG70000000,Total Absolute Return,KSBF70021002,Indus Asia Pacific,2020-10-31,2020-12-31,24898.42,2021-01-31,25319.780941343997,0.01692319999999996
KSBG70000000,Total Absolute Return,KSBF70022002,Oz,2020-10-31,2020-12-31,11378.74,2021-01-31,1611.0127903949033,-0.8584190525141708
KSBG70000000,Total Absolute Return,KSBF70028002,King Street Capital,2020-10-31,2020-12-31,2131383.83,2021-01-31,2111629.281732558,-0.009268414252463511
KSBG70000000,Total Absolute Return,KSBF70029002,Centerbridge Credit,2020-10-31,2020-12-31,22945256.37,2021-01-31,10406789.34286958,-0.5464513808407023
KSBG70000000,Total Absolute Return,KSBF70032002,Steadfast,2020-10-31,2020-12-31,136133115.1,2021-01-31,135578944.4150509,-0.004070800000000147
KSBG70000000,Total Absolute Return,KSBF70035002,Aleutian Fund,2020-10-31,2020-10-31,0.0,2020-11-30,0.0,
KSBG70000000,Total Absolute Return,KSBF70039002,Bridgewater Pure,2020-10-31,2020-12-31,54265810.87,2021-01-31,54269772.27419351,7.300000000005704e-05
KSBG70000000,Total Absolute Return,KSBF70040002,ADM Capital Galleus II,2020-10-31,2020-12-31,716749.6,2021-01-31,716749.6,0.0
KSBG70000000,Total Absolute Return,KSBF70043002,Senator,2020-10-31,2020-12-31,972228.44,2021-01-31,966291.818699672,-0.006106199999999939
KSBG70000000,Total Absolute Return,KSBF70045002,DoubleLine Flexible Income,2020-10-31,2020-12-31,167869907.0,2021-01-31,166666279.76681,-0.00717
KSBG70000000,Total Absolute Return,KSBF70047002,Pacific Alliance GP Asia Ln Fd,2020-10-31,2020-12-31,176023.27,2021-01-31,177703.94018195997,0.009547999999999909
KSBG70000000,Total Absolute Return,KSBF70047102,PAG Asia Loan II Fund,2020-10-31,2020-12-31,12936.06,2021-01-31,13059.573500879998,0.009547999999999916
KSBG70000000,Total Absolute Return,KSBF70050002,Capstone Global,2020-10-31,2020-12-31,87103486.0,2021-01-31,87109844.554478,7.300000000005252e-05
KSBG70000000,Total Absolute Return,KSBF70052002,Audax Loan Fund,2020-10-31,2020-12-31,35387.34,2021-01-31,35725.21832231999,0.009547999999999815
KSBG70000000,Total Absolute Return,KSBF70053002,CapitalSpring Lending Partners,2020-10-31,2020-12-31,1979668.14,2021-01-31,1998570.0114007196,0.009547999999999869
KSBG70000000,Total Absolute Return,KSBF70053102,CSKS,2020-10-31,2020-12-31,30564569.83,2021-01-31,30474092.590389233,-0.002960199999999972
KSBG70000000,Total Absolute Return,KSBF70054002,ILS P&C,2020-10-31,2020-12-31,8982830.0,2021-01-31,9068598.06084,0.00954799999999994
KSBG70000000,Total Absolute Return,KSBF70054102,ILS Property&Casualty Fund II,2020-10-31,2020-12-31,5768631.0,2021-01-31,5823709.888788,0.009547999999999956
KSBG70000000,Total Absolute Return,KSBF70055002,Crescent,2020-10-31,2020-12-31,98822557.21,2021-01-31,99766114.98624106,0.00954799999999984
KSBG70000000,Total Absolute Return,KSBF70056002,MTP Energy Ops,2020-10-31,2020-12-31,0.01,2021-01-31,0.01,0.0
KSBG70000000,Total Absolute Return,KSBF70057002,Camber,2020-10-31,2020-12-31,101771084.4,2021-01-31,102561596.38663124,0.0077675500000000935
KSBG70000000,Total Absolute Return,KSBF70058002,Kayne Anderson Loan,2020-10-31,2020-12-31,60644197.0,2021-01-31,60644197.0,0.0
KSBG70000000,Total Absolute Return,KSBF70060002,TCI REP Fund I,2020-10-31,2020-12-31,14287806.19,2021-01-31,14167777.842745407,-0.008400754157667709
KSBG70000000,Total Absolute Return,KSBF70061002,Field Street,2020-10-31,2020-12-31,661810.36,2021-01-31,661858.67215628,7.300000000005593e-05
KSBG70000000,Total Absolute Return,KSBF70062002,Clareant Loan Fund,2020-10-31,2020-12-31,18963723.58,2021-01-31,19144789.212741837,0.009547999999999932
KSBG70000000,Total Absolute Return,KSBF70066002,Myriad,2020-10-31,2020-12-31,12405551.19,2021-01-31,12615492.813898606,0.0169231999999999
KSBG70000000,Total Absolute Return,KSBF70067002,CQS Directional Opportunities,2020-10-31,2020-12-31,54851721.14,2021-01-31,-0.009999997913837433,-1.0000000001823097
KSBG70000000,Total Absolute Return,KSBF70068002,WAMCO Macro Opp Fund,2020-10-31,2020-12-31,133072563.4,2021-01-31,132429689.8462146,-0.004830999999999989
KSBG70000000,Total Absolute Return,KSBF70070002,Pine River Special Opp.,2020-10-31,2020-12-31,6270640.99,2021-01-31,6330513.070172519,0.009547999999999873
KSBG70000000,Total Absolute Return,KSBF70071002,DoubleLine CMBS/CRE Fund,2020-10-31,2020-12-31,11938157.39,2021-01-31,11938157.39,0.0
KSBG70000000,Total Absolute Return,KSBF70075002,RA Capital Healthcare Fund,2020-10-31,2020-12-31,2104598.88,2021-01-31,2239933.0063795196,0.06430399999999986
KSBG70000000,Total Absolute Return,KSBF70078002,Dorsal Capital Partners,2020-10-31,2020-12-31,70887566.75,2021-01-31,71010256.11502823,0.001730760000000033
KSBG70000000,Total Absolute Return,KSBF70079002,MTP Energy Opportunities Fd II,2020-10-31,2020-12-31,42814329.42,2021-01-31,42750921.39812899,-0.0014809999999998932
KSBG70000000,Total Absolute Return,KSBF70080002,VGO Special Situations Fund I,2020-10-31,2020-12-31,30381339.3,2021-01-31,30671420.3276364,0.009547999999999921
KSBG70000000,Total Absolute Return,KSBF70081002,Altimeter Offshore,2020-10-31,2020-12-31,150067165.4,2021-01-31,147920411.07947505,-0.014305289999999965
KSBG70000000,Total Absolute Return,KSBF70082002,KSOH Fund,2020-10-31,2020-12-31,51762708.94,2021-01-31,52256939.284959115,0.009547999999999952
KSBG70000000,Total Absolute Return,KSBF70083002,Riva Capital Part V,2020-10-31,2020-12-31,30425318.0,2021-01-31,28816558.789934598,-0.05287567446510837
KSBG70000000,Total Absolute Return,KSBF70083102,Abrams Cap Part II,2020-10-31,2020-12-31,74749707.53,2021-01-31,74467093.83577058,-0.0037808
KSBG70000000,Total Absolute Return,KSBF70084002,Soma Partners,2020-10-31,2020-12-31,105358099.0,2021-01-31,106345825.91022004,0.009374949999999924
KSBG70000000,Total Absolute Return,KSBF70085002,Perceptive Life Sci,2020-10-31,2020-12-31,140205922.2,2021-01-31,148320143.6590339,0.05787359999999991
KSBG70000000,Total Absolute Return,KSBF70086002,Alphadyne,2020-10-31,2020-12-31,108834424.0,2021-01-31,108842368.912952,7.300000000005387e-05
KSBG70000000,Total Absolute Return,KSBF70087002,Segantii,2020-10-31,2020-12-31,102369747.0,2021-01-31,102377219.991531,7.299999999999551e-05
KSBG70000000,Total Absolute Return,KSBF70088002,Iron Park Win,2020-10-31,2020-12-31,50245275.4,2021-01-31,50245275.4,0.0
KSBG70000000,Total Absolute Return,KSBF70089002,Rief Strategic Part,2020-10-31,2020-12-31,47307276.21,2021-01-31,47166220.10452464,-0.002981700000000035
KSBG70000000,Total Absolute Return,KSBF70090002,Candlestick,2020-10-31,2020-12-31,100294141.3,2021-01-31,99912084.80989744,-0.0038093599999999136
KSBG70000000,Total Absolute Return,KSBF70091002,Trivest Advisors,2020-10-31,2020-12-31,59466462.81,2021-01-31,61656107.17035842,0.036821500000000035
KSBG70000000,Total Absolute Return,KSBF70092002,Citadel Kensington,2020-10-31,2020-12-31,50000000.0,2021-01-31,100004003.22580644,1.000080064516129
KSBG70000000,Total Absolute Return,KSBF70094002,Alua,2020-10-31,2020-12-31,55837784.92,2021-01-31,55689435.09302455,-0.002656799999999891
KSBG70000000,Total Absolute Return,KSBF70095002,Melvin Cap Offsh,2020-10-31,2020-12-31,70000000.0,2021-01-31,70373254.7,0.005332210000000043
KSBG70000000,Total Absolute Return,KSBF70097002,Laurion Capital,2020-10-31,2020-12-31,75000000.0,2021-01-31,74925457.5,-0.0009939
KSBG70000000,Total Absolute Return,KSBG70000000,Total Absolute Return,2020-10-31,2020-12-31,2838160060.0,2021-01-31,2838160060.0,0.0
